Field;Rig;Wellbore;Section;Start time;End time
VOLVE;MÆRSK INSPIRER;NO 15/9-F-7;"36""";2007-09-16 05:00:00;2007-09-21 13:45:00
VOLVE;MÆRSK INSPIRER;NO 15/9-F-7;"17 1/2""";2007-09-21 13:45:00;2007-02-10 15:30:00
VOLVE;MÆRSK INSPIRER;NO 15/9-F-9;"36""";2007-11-28 13:45:00;2007-01-12 04:30:00
VOLVE;MÆRSK INSPIRER;NO 15/9-F-9;"17 1/2""";2007-12-12 21:00:00;2007-12-17 01:30:00
VOLVE;MÆRSK INSPIRER;NO 15/9-F-11;"26""";2013-03-16 00:30:00;2013-03-20 09:30:00
VOLVE;MÆRSK INSPIRER;NO 15/9-F-15;"36""";2007-11-19 04:45:00;2007-12-23 15:45:00
VOLVE;MÆRSK INSPIRER;NO 15/9-F-15;"26""";2008-06-09 12:00:00;2008-10-09 17:14:00
VOLVE;MÆRSK INSPIRER;NO 15/9-F-15;"26""";2008-09-18 21:30:00;2008-09-20 04:00:00
VOLVE;MÆRSK INSPIRER;NO 15/9-F-4;"12 1/4""";2008-04-02 21:00:00;2008-09-02 10:00:00
VOLVE;MÆRSK INSPIRER;NO 15/9-F-4;"36""";2007-09-06 22:30:00;2007-06-13 20:00:00
VOLVE;MÆRSK INSPIRER;NO 15/9-F-4;"17 1/2""";2007-10-13 05:00:00;2007-10-23 08:30:00
VOLVE;MÆRSK INSPIRER;NO 15/9-F-5;"36""";2007-11-15 21:30:00;2007-11-18 23:45:00
VOLVE;MÆRSK INSPIRER;NO 15/9-F-5;"17 1/2""";2007-12-18 02:30:00;2007-12-22 21:45:00
VOLVE;MÆRSK INSPIRER;NO 15/9-F-5;"17 1/2""";2008-10-07 18:00:00;2008-07-15 18:30:00
VOLVE;MÆRSK INSPIRER;NO 15/9-F-5;COMPL_XTINS;2008-08-21 19:30:00;2008-08-23 22:15:00
VOLVE;MÆRSK INSPIRER;NO 15/9-F-14;"12 1/4""";2008-05-22 05:15:00;2008-05-28 17:45:00
VOLVE;MÆRSK INSPIRER;NO 15/9-F-14;"26""";2007-05-12 07:00:00;2007-12-12 00:00:00
VOLVE;MÆRSK INSPIRER;NO 15/9-F-14;"8 1/2""";2008-10-06 23:00:00;2008-06-15 15:30:00
VOLVE;MÆRSK INSPIRER;NO 15/9-F-12;"36""";2007-06-14 12:30:00;2007-06-17 16:15:00
VOLVE;MÆRSK INSPIRER;NO 15/9-F-12;"17 1/2""";2007-07-21 13:30:00;2007-11-08 15:00:00
VOLVE;MÆRSK INSPIRER;NO 15/9-F-14;"36""";2007-06-11 22:45:00;2007-11-15 04:30:00
VOLVE;MÆRSK INSPIRER;NO 15/9-F-14;"26""";2008-10-05 01:00:00;2008-11-05 14:00:00
VOLVE;MÆRSK INSPIRER;NO 15/9-F-14;"17 1/2""";2008-11-05 14:00:00;2008-05-22 05:15:00
VOLVE;MÆRSK INSPIRER;NO 15/9-F-10;"36""";2009-06-04 12:00:00;2009-11-04 00:30:00
VOLVE;MÆRSK INSPIRER;NO 15/9-F-1;"36""";2007-01-12 10:45:00;2007-04-12 01:00:00
VOLVE;MÆRSK INSPIRER;NO 15/9-F-1;"26""";2013-07-23 02:30:00;2013-04-08 15:15:00
VOLVE;TREASURE PROSPECT;NO 15/9-19 ST2;"12 1/4""";1993-02-19 06:00:00;1993-02-25 17:00:00
VOLVE;TREASURE PROSPECT;NO 15/9-19 ST2;DST;1993-03-26 00:00:00;1993-04-25 10:30:00
VOLVE;TREASURE PROSPECT;NO 15/9-19 ST2;PERM P&A;1993-04-25 10:30:00;1993-04-29 09:00:00
VOLVE;TREASURE PROSPECT;NO 15/9-19 S;MOVE;1992-08-09 18:00:00;1992-09-15 01:00:00
VOLVE;TREASURE PROSPECT;NO 15/9-19 S;RE-ENT.;1992-11-17 18:00:00;1992-11-18 07:00:00
VOLVE;TREASURE PROSPECT;NO 15/9-19 S;"17 1/2""";1992-11-22 15:00:00;1992-11-29 16:30:00
VOLVE;TREASURE PROSPECT;NO 15/9-19 S;"12 1/4""";1992-11-29 16:30:00;1992-12-12 19:30:00
VOLVE;TREASURE PROSPECT;NO 15/9-19 ST2;MOVE_FROM;1993-01-29 16:00:00;1993-01-31 10:30:00
VOLVE;BYFORD DOLPHIN;NO 15/9-19 BT2;"8 1/2""";1997-05-12 15:00:00;1997-12-17 17:30:00
VOLVE;BYFORD DOLPHIN;NO 15/9-19 A;DST;1997-08-30 02:00:00;1997-03-11 20:00:00
VOLVE;BYFORD DOLPHIN;NO 15/9-19 A;PERM P&A;1997-03-11 20:00:00;1997-09-11 22:00:00
VOLVE;MÆRSK INSPIRER;NO 15/9-F-15 C;COMPL_LINER;2009-02-14 09:00:00;2009-02-16 11:45:00
VOLVE;BYFORD DOLPHIN;NO 15/9-19 BT2;"6""";1997-12-18 21:00:00;1998-01-18 18:00:00
VOLVE;TREASURE PROSPECT;NO 15/9-19 ST2;MOVE;1993-02-17 15:00:00;1993-02-19 06:00:00
VOLVE;TREASURE PROSPECT;NO 15/9-19 S;"26""";1992-09-21 19:00:00;1992-09-24 02:30:00
VOLVE;TREASURE PROSPECT;NO 15/9-19 ST2;TEMP P&A;1993-01-28 07:30:00;1993-01-29 16:00:00
VOLVE;MÆRSK INSPIRER;NO 15/9-F-99;STRUCTR;2007-05-16 17:30:00;2009-06-24 06:00:00
VOLVE;MÆRSK INSPIRER;NO 15/9-F-12;PRESPUD;2007-06-13 20:00:00;2007-06-14 12:30:00
VOLVE;MÆRSK INSPIRER;NO 15/9-F-12;"8 1/2""";2007-06-17 16:15:00;2007-05-07 14:15:00
VOLVE;MÆRSK INSPIRER;NO 15/9-F-7;MOVE;2015-04-02 03:30:00;2015-04-02 14:15:00
VOLVE;MÆRSK INSPIRER;NO 15/9-F-7;WO_REMEDIAL;2015-06-02 06:00:00;2015-07-02 00:15:00
VOLVE;MÆRSK INSPIRER;NO 15/9-F-7;COMPL_TBGRN;2015-07-02 00:15:00;2015-08-02 06:30:00
VOLVE;MÆRSK INSPIRER;NO 15/9-F-7;DST;2015-08-02 19:45:00;2015-09-02 02:15:00
VOLVE;MÆRSK INSPIRER;NO 15/9-F-7;WO_PULLTBG;2015-04-02 14:15:00;2015-06-02 06:00:00
VOLVE;MÆRSK INSPIRER;NO 15/9-F-4;COMPL_WPREP;2008-03-14 07:45:00;2008-03-17 16:15:00
VOLVE;MÆRSK INSPIRER;NO 15/9-F-4;PRESPUD;2007-09-06 12:00:00;2007-09-06 22:30:00
VOLVE;MÆRSK INSPIRER;NO 15/9-F-12;TIEBACK;2007-11-10 03:15:00;2008-02-01 22:15:00
VOLVE;MÆRSK INSPIRER;NO 15/9-F-12;COMPL_WPREP;2008-03-01 16:45:00;2008-01-16 05:00:00
VOLVE;MÆRSK INSPIRER;NO 15/9-F-12;COMPL_PERF;2008-01-16 05:00:00;2008-01-24 14:45:00
VOLVE;MÆRSK INSPIRER;NO 15/9-F-12;COMPL_THINS;2008-01-29 01:00:00;2008-02-02 23:45:00
VOLVE;MÆRSK INSPIRER;NO 15/9-F-12;COMPL_XTINS;2008-02-02 23:45:00;2008-04-02 21:00:00
VOLVE;MÆRSK INSPIRER;NO 15/9-F-12;COMPL_WPREP;2007-08-27 20:45:00;2007-08-30 23:30:00
VOLVE;MÆRSK INSPIRER;NO 15/9-F-12;COMPL_OTHER;2008-02-01 22:15:00;2008-03-01 16:45:00
VOLVE;MÆRSK INSPIRER;NO 15/9-F-12;"26""";2007-07-15 12:30:00;2007-07-21 13:30:00
VOLVE;MÆRSK INSPIRER;NO 15/9-F-12;"8 1/2""";2007-08-22 14:15:00;2007-08-26 01:00:00
VOLVE;MÆRSK INSPIRER;NO 15/9-F-12;COMPL_LINER;2007-08-26 01:00:00;2007-08-27 20:45:00
VOLVE;MÆRSK INSPIRER;NO 15/9-F-7;COMPL_SCRUN;2007-05-10 04:00:00;2007-08-10 12:45:00
VOLVE;MÆRSK INSPIRER;NO 15/9-F-4;"12 1/4""";2007-10-23 08:30:00;2007-05-11 11:00:00
VOLVE;MÆRSK INSPIRER;NO 15/9-F-4;"8 1/2""";2008-09-02 10:00:00;2008-02-28 03:45:00
VOLVE;MÆRSK INSPIRER;NO 15/9-F-4;COMPL_LINER;2008-02-28 03:45:00;2008-03-14 07:45:00
VOLVE;MÆRSK INSPIRER;NO 15/9-F-7;COMPL_TBGRN;2007-08-10 12:45:00;2007-11-10 05:45:00
VOLVE;MÆRSK INSPIRER;NO 15/9-F-9;COMPL_WPREP;2008-08-31 01:45:00;2008-08-31 20:00:00
VOLVE;MÆRSK INSPIRER;NO 15/9-F-9;COMPL_TBGRN;2008-04-09 07:00:00;2008-06-09 12:00:00
VOLVE;MÆRSK INSPIRER;NO 15/9-F-14;COMPL_OTHER;2008-05-28 17:45:00;2008-05-29 22:00:00
VOLVE;MÆRSK INSPIRER;NO 15/9-F-1;PRESPUD;2007-01-12 04:30:00;2007-01-12 10:45:00
VOLVE;MÆRSK INSPIRER;NO 15/9-F-5;COMPL_OTHER;2008-05-08 00:00:00;2008-05-08 21:30:00
VOLVE;MÆRSK INSPIRER;NO 15/9-F-5;COMPL_OTHER;2008-05-08 21:30:00;2008-11-08 07:00:00
VOLVE;MÆRSK INSPIRER;NO 15/9-F-5;COMPL_OTHER;2008-08-15 00:00:00;2008-08-15 10:30:00
VOLVE;MÆRSK INSPIRER;NO 15/9-F-5;COMPL_TBGRN;2008-08-15 10:30:00;2008-08-17 13:45:00
VOLVE;MÆRSK INSPIRER;NO 15/9-F-5;COMPL_XTINS;2008-08-19 03:15:00;2008-08-19 07:30:00
VOLVE;MÆRSK INSPIRER;NO 15/9-F-5;PRESPUD;2007-11-15 04:30:00;2007-11-15 21:30:00
VOLVE;MÆRSK INSPIRER;NO 15/9-F-5;"36""";2007-12-17 01:30:00;2007-12-18 02:30:00
VOLVE;MÆRSK INSPIRER;NO 15/9-F-5;"8 1/2""";2008-07-25 21:15:00;2008-07-30 18:45:00
VOLVE;MÆRSK INSPIRER;NO 15/9-F-5;COMPL_LINER;2008-07-30 18:45:00;2008-01-08 15:15:00
VOLVE;MÆRSK INSPIRER;NO 15/9-F-15;PRESPUD;2007-11-18 23:45:00;2007-11-19 04:45:00
VOLVE;MÆRSK INSPIRER;NO 15/9-F-15 A;"8 1/2""";2008-12-24 10:00:00;2009-08-01 06:00:00
VOLVE;MÆRSK INSPIRER;NO 15/9-F-15 C;"12 1/4""";2009-01-18 22:00:00;2009-01-27 01:30:00
VOLVE;MÆRSK INSPIRER;NO 15/9-F-15 C;"8 1/2""";2009-11-02 07:45:00;2009-02-14 09:00:00
VOLVE;MÆRSK INSPIRER;NO 15/9-F-4;COMPL_OTHER;2008-03-19 21:00:00;2008-06-04 09:00:00
VOLVE;MÆRSK INSPIRER;NO 15/9-F-4;COMPL_OTHER;2008-06-04 09:00:00;2008-07-04 20:45:00
VOLVE;MÆRSK INSPIRER;NO 15/9-F-5;COMPL_WPREP;2008-02-08 01:15:00;2008-05-08 00:00:00
VOLVE;MÆRSK INSPIRER;NO 15/9-F-4;COMPL_TBGRN;2008-07-04 20:45:00;2008-11-04 03:30:00
VOLVE;MÆRSK INSPIRER;NO 15/9-F-4;COMPL_THINS;2008-11-04 03:30:00;2008-12-04 20:30:00
VOLVE;MÆRSK INSPIRER;NO 15/9-F-4;COMPL_XTINS;2008-12-04 20:30:00;2008-04-16 17:00:00
VOLVE;MÆRSK INSPIRER;NO 15/9-F-4;COMPL_PERF;2008-04-16 17:00:00;2008-04-22 10:45:00
VOLVE;MÆRSK INSPIRER;NO 15/9-F-14;"36""";2007-04-12 01:00:00;2007-05-12 07:00:00
VOLVE;MÆRSK INSPIRER;NO 15/9-F-14;"26""";2008-04-26 13:00:00;2008-04-30 19:00:00
VOLVE;MÆRSK INSPIRER;NO 15/9-F-14;"12 1/4""";2008-09-06 13:00:00;2008-10-06 23:00:00
VOLVE;MÆRSK INSPIRER;NO 15/9-F-9;PRESPUD;2007-11-28 06:30:00;2007-11-28 13:45:00
VOLVE;MÆRSK INSPIRER;NO 15/9-F-9;"12 1/4""";2008-08-30 07:30:00;2008-08-31 01:45:00
VOLVE;MÆRSK INSPIRER;NO 15/9-F-14;TIEBACK;2008-05-06 09:30:00;2008-09-06 05:15:00
VOLVE;MÆRSK INSPIRER;NO 15/9-F-14;COMPL_OTHER;2008-09-06 05:15:00;2008-09-06 13:00:00
VOLVE;MÆRSK INSPIRER;NO 15/9-F-14;COMPL_WPREP;2008-06-18 03:30:00;2008-06-22 01:15:00
VOLVE;MÆRSK INSPIRER;NO 15/9-F-14;COMPL_TBGRN;2008-06-22 01:15:00;2008-06-26 06:00:00
VOLVE;MÆRSK INSPIRER;NO 15/9-F-14;COMPL_THINS;2008-06-26 06:00:00;2008-06-28 08:00:00
VOLVE;MÆRSK INSPIRER;NO 15/9-F-14;COMPL_XTINS;2008-06-28 08:00:00;2008-03-07 02:45:00
VOLVE;MÆRSK INSPIRER;NO 15/9-F-5;TIEBACK;2008-11-08 07:00:00;2008-08-15 00:00:00
VOLVE;MÆRSK INSPIRER;NO 15/9-F-9;PERM P&A;2009-06-24 06:00:00;2009-06-28 22:30:00
VOLVE;MÆRSK INSPIRER;NO 15/9-F-14;COMPL_LINER;2008-06-15 15:30:00;2008-06-18 03:30:00
VOLVE;MÆRSK INSPIRER;NO 15/9-F-9 A;"8 1/2""";2009-07-07 22:30:00;2009-08-07 16:30:00
VOLVE;MÆRSK INSPIRER;NO 15/9-F-9 A;COMPL_WPREP;2009-08-07 16:30:00;2009-09-07 08:30:00
VOLVE;MÆRSK INSPIRER;NO 15/9-F-9 A;COMPL_SCRUN;2009-09-07 08:30:00;2009-11-07 20:15:00
VOLVE;MÆRSK INSPIRER;NO 15/9-F-9 A;COMPL_TBGRN;2009-11-07 20:15:00;2009-07-14 21:45:00
VOLVE;MÆRSK INSPIRER;NO 15/9-F-15 A;PREP_LOC_STRACK;2009-08-01 06:00:00;2009-01-13 12:15:00
VOLVE;MÆRSK INSPIRER;NO 15/9-F-15 C;COMPL_OTHER;2009-01-27 01:30:00;2009-07-02 02:45:00
VOLVE;MÆRSK INSPIRER;NO 15/9-F-15;"12 1/4""";2008-09-20 04:00:00;2008-11-13 06:00:00
VOLVE;MÆRSK INSPIRER;NO 15/9-F-15 C;COMPL_WPREP;2009-02-16 11:45:00;2009-02-18 23:15:00
VOLVE;MÆRSK INSPIRER;NO 15/9-F-15 C;COMPL_TBGRN;2009-02-18 23:15:00;2009-02-25 04:30:00
VOLVE;MÆRSK INSPIRER;NO 15/9-F-15 C;COMPL_THINS;2009-02-24 06:00:00;2009-02-27 06:00:00
VOLVE;MÆRSK INSPIRER;NO 15/9-F-15 C;COMPL_XTINS;2009-02-27 06:00:00;2009-04-03 23:30:00
VOLVE;MÆRSK INSPIRER;NO 15/9-F-7;COMPL_THINS;2015-08-02 06:30:00;2015-08-02 19:45:00
VOLVE;MÆRSK INSPIRER;NO 15/9-F-15 B;"8 1/2""";2009-01-13 12:15:00;2009-01-15 07:45:00
VOLVE;MÆRSK INSPIRER;NO 15/9-F-12;WIREL;2009-03-13 15:00:00;2009-03-17 16:30:00
VOLVE;MÆRSK INSPIRER;NO 15/9-F-14;WIREL;2009-06-03 18:30:00;2009-03-13 15:00:00
VOLVE;MÆRSK INSPIRER;NO 15/9-F-5;INTERVENTION;2016-04-18 06:00:00;2016-04-20 06:45:00
VOLVE;MÆRSK INSPIRER;NO 15/9-F-11 B;INTERVENTION;2016-04-14 19:00:00;2016-04-18 06:00:00
VOLVE;MÆRSK INSPIRER;NO 15/9-F-11;"36""";2013-07-03 19:00:00;2013-03-16 00:30:00
VOLVE;MÆRSK INSPIRER;NO 15/9-F-10;"26""";2009-11-04 00:30:00;2009-04-22 12:45:00
VOLVE;MÆRSK INSPIRER;NO 15/9-F-10;"17 1/2""";2009-04-22 12:45:00;2009-06-05 15:30:00
VOLVE;MÆRSK INSPIRER;NO 15/9-F-10;"12 1/4""";2009-06-05 15:30:00;2009-05-19 17:00:00
VOLVE;MÆRSK INSPIRER;NO 15/9-F-10;"8 1/2""";2009-05-19 17:00:00;2009-03-06 17:00:00
VOLVE;MÆRSK INSPIRER;NO 15/9-F-10;PERM P&A;2009-03-06 17:00:00;2009-06-15 19:00:00
VOLVE;MÆRSK INSPIRER;NO 15/9-F-9 A;COMPL_THINS;2015-02-02 18:45:00;2015-03-02 13:15:00
VOLVE;MÆRSK INSPIRER;NO 15/9-F-15 C;COMPL_PERF;2009-04-03 23:30:00;2009-06-03 18:30:00
VOLVE;MÆRSK INSPIRER;NO 15/9-F-14;INTERVENTION;2012-01-27 15:00:00;2012-01-31 03:00:00
VOLVE;BYFORD DOLPHIN;NO 15/9-19 ST2;MOVE;1997-07-16 15:30:00;1997-07-20 21:00:00
VOLVE;MÆRSK INSPIRER;NO 15/9-F-15;PREP_LOC_STRACK;2008-11-29 13:45:00;2008-11-12 15:00:00
VOLVE;TREASURE PROSPECT;NO 15/9-19 S;TEMP P&A;1992-09-24 02:30:00;1992-09-24 14:00:00
VOLVE;BYFORD DOLPHIN;NO 15/9-19 BT2;PERM P&A;1998-01-18 18:00:00;1998-01-02 12:00:00
VOLVE;MÆRSK INSPIRER;NO 15/9-F-9 A;WO_PULLTBG;2015-01-26 15:30:00;2015-01-29 04:00:00
VOLVE;MÆRSK INSPIRER;NO 15/9-F-9 A;WO_REMEDIAL;2015-01-29 04:00:00;2015-01-29 11:15:00
VOLVE;MÆRSK INSPIRER;NO 15/9-F-9 A;WO_REMEDIAL;2015-01-29 11:15:00;2015-01-02 13:30:00
VOLVE;MÆRSK INSPIRER;NO 15/9-F-9 A;COMPL_TBGRN;2015-01-02 13:30:00;2015-02-02 18:45:00
VOLVE;MÆRSK INSPIRER;NO 15/9-F-9 A;DST;2015-03-02 13:15:00;2015-04-02 03:30:00
VOLVE;MÆRSK INSPIRER;NO 15/9-F-5;INTERVENTION;2015-02-11 18:00:00;2015-05-11 07:00:00
VOLVE;MÆRSK INSPIRER;NO 15/9-F-4;INTERVENTION;2012-11-09 07:00:00;2012-09-15 19:00:00
VOLVE;MÆRSK INSPIRER;NO 15/9-F-5;INTERVENTION;2012-09-15 19:00:00;2012-09-18 12:00:00
VOLVE;BYFORD DOLPHIN;NO 15/9-19 BT2;MOVE;1998-01-02 12:00:00;1998-04-02 00:00:00
VOLVE;MÆRSK INSPIRER;NO 15/9-F-12;"26""";2007-05-07 14:15:00;2007-07-15 12:30:00
VOLVE;MÆRSK INSPIRER;NO 15/9-F-12;TIEBACK;2007-08-30 23:30:00;2007-08-09 11:30:00
VOLVE;MÆRSK INSPIRER;NO 15/9-F-12;COMPL_PERF;2008-11-02 09:00:00;2008-11-02 17:00:00
VOLVE;MÆRSK INSPIRER;NO 15/9-F-7;COMPL_WPREP;2007-04-10 04:30:00;2007-05-10 04:00:00
VOLVE;MÆRSK INSPIRER;NO 15/9-F-14;PRESPUD;2007-05-11 11:00:00;2007-06-11 22:45:00
VOLVE;BYFORD DOLPHIN;NO 15/9-19 ST2;TEMP P&A;1997-07-23 03:00:00;1997-07-25 00:30:00
VOLVE;MÆRSK INSPIRER;NO 15/9-F-9;"36""";2007-12-12 00:00:00;2007-12-12 21:00:00
VOLVE;MÆRSK INSPIRER;NO 15/9-F-5;COMPL_THINS;2008-08-17 13:45:00;2008-08-19 03:15:00
VOLVE;MÆRSK INSPIRER;NO 15/9-F-15 A;"17 1/2""";2008-11-12 15:00:00;2008-12-24 10:00:00
VOLVE;MÆRSK INSPIRER;NO 15/9-F-15 C;COMPL_OTHER;2009-09-02 17:00:00;2009-10-02 02:00:00
VOLVE;MÆRSK INSPIRER;NO 15/9-F-15;"26""";2007-12-23 15:45:00;2007-12-30 11:00:00
VOLVE;MÆRSK INSPIRER;NO 15/9-F-15;"8 1/2""";2008-11-13 06:00:00;2008-11-29 13:45:00
VOLVE;MÆRSK INSPIRER;NO 15/9-F-9 A;"12 1/4""";2009-03-07 04:45:00;2009-07-07 22:30:00
VOLVE;MÆRSK INSPIRER;NO 15/9-F-99;MOBILIZ;2012-11-16 12:00:00;2013-07-03 00:00:00
VOLVE;MÆRSK INSPIRER;NO 15/9-F-11;PRESPUD;2013-07-03 00:00:00;2013-07-03 19:00:00
VOLVE;MÆRSK INSPIRER;NO 15/9-F-11 T2;"8 1/2""";2013-04-28 07:00:00;2013-09-05 16:00:00
VOLVE;MÆRSK INSPIRER;NO 15/9-F-11 T2;PREP_LOC_STRACK;2013-09-05 16:00:00;2013-05-14 12:00:00
VOLVE;MÆRSK INSPIRER;NO 15/9-F-11 T2;"17 1/2""";2013-04-13 12:30:00;2013-04-28 07:00:00
VOLVE;MÆRSK INSPIRER;NO 15/9-F-11 T2;"26""";2013-03-23 05:30:00;2013-04-13 12:30:00
VOLVE;MÆRSK INSPIRER;NO 15/9-F-15 B;PREP_LOC_STRACK;2009-01-15 07:45:00;2009-01-18 22:00:00
VOLVE;MÆRSK INSPIRER;NO 15/9-F-11 B;COMPL_THINS;2013-04-07 20:00:00;2013-06-07 12:30:00
VOLVE;MÆRSK INSPIRER;NO 15/9-F-11 B;COMPL_WPREP;2013-06-16 13:30:00;2013-06-21 07:00:00
VOLVE;MÆRSK INSPIRER;NO 15/9-F-11 B;COMPL_TBGRN;2013-06-30 14:15:00;2013-04-07 20:00:00
VOLVE;MÆRSK INSPIRER;NO 15/9-F-11 B;COMPL_XTINS;2013-06-07 12:30:00;2013-09-07 00:45:00
VOLVE;MÆRSK INSPIRER;NO 15/9-F-11 B;COMPL_PERF;2013-09-07 00:45:00;2013-07-21 23:00:00
VOLVE;MÆRSK INSPIRER;NO 15/9-F-11 B;COMPL_OTHER;2013-06-21 07:00:00;2013-06-21 21:00:00
VOLVE;MÆRSK INSPIRER;NO 15/9-F-11;PREP_TECH_STRACK;2013-03-20 09:30:00;2013-03-23 05:30:00
VOLVE;MÆRSK INSPIRER;NO 15/9-F-11 B;"8 1/2""";2013-07-06 15:30:00;2013-12-06 20:15:00
VOLVE;MÆRSK INSPIRER;NO 15/9-F-11 B;COMPL_LINER;2013-12-06 20:15:00;2013-06-16 13:30:00
VOLVE;MÆRSK INSPIRER;NO 15/9-F-11 B;"12 1/4""";2013-05-28 14:30:00;2013-07-06 15:30:00
VOLVE;MÆRSK INSPIRER;NO 15/9-F-11 A;"8 1/2""";2013-05-14 12:00:00;2013-05-24 14:30:00
VOLVE;MÆRSK INSPIRER;NO 15/9-F-11 A;PREP_LOC_STRACK;2013-05-24 14:30:00;2013-05-28 14:30:00
VOLVE;MÆRSK INSPIRER;NO 15/9-F-11 B;COMPL_OTHER;2013-07-22 14:00:00;2013-07-23 20:00:00
VOLVE;MÆRSK INSPIRER;NO 15/9-F-11 T2;TECHNICAL SIDETRACK;2013-03-23 05:30:00;2013-03-24 05:00:00
VOLVE;MÆRSK INSPIRER;NO 15/9-F-1 B;"8 1/2""";2013-05-09 11:45:00;2013-07-09 10:15:00
VOLVE;MÆRSK INSPIRER;NO 15/9-F-1 B;COMPL_LINER;2013-07-09 10:15:00;2013-09-09 09:30:00
VOLVE;MÆRSK INSPIRER;NO 15/9-F-1 B;COMPL_WPREP;2013-09-09 09:30:00;2013-12-09 02:15:00
VOLVE;MÆRSK INSPIRER;NO 15/9-F-1 B;COMPL_OTHER;2013-12-09 02:15:00;2013-12-09 18:00:00
VOLVE;MÆRSK INSPIRER;NO 15/9-F-1 B;COMPL_OTHER;2013-12-09 18:00:00;2013-09-22 01:00:00
VOLVE;MÆRSK INSPIRER;NO 15/9-F-1 B;TIEBACK;2013-09-22 01:00:00;2013-09-23 12:45:00
VOLVE;MÆRSK INSPIRER;NO 15/9-F-1;"36""";2013-07-21 23:00:00;2013-07-23 02:30:00
VOLVE;MÆRSK INSPIRER;NO 15/9-F-1;"17 1/2""";2013-04-08 15:15:00;2013-08-14 11:00:00
VOLVE;MÆRSK INSPIRER;NO 15/9-F-1;"8 1/2""";2013-08-14 11:00:00;2013-08-20 08:00:00
VOLVE;MÆRSK INSPIRER;NO 15/9-F-1;PREP_LOC_STRACK;2013-08-20 08:00:00;2013-08-23 05:00:00
VOLVE;MÆRSK INSPIRER;NO 15/9-F-1 B;COMPL_OTHER;2013-09-23 12:45:00;2013-09-23 22:30:00
VOLVE;MÆRSK INSPIRER;NO 15/9-F-1 B;COMPL_TBGRN;2013-09-23 22:30:00;2013-09-26 07:15:00
VOLVE;MÆRSK INSPIRER;NO 15/9-F-1 B;COMPL_THINS;2013-09-26 07:15:00;2013-09-27 13:15:00
VOLVE;MÆRSK INSPIRER;NO 15/9-F-1 B;COMPL_XTINS;2013-09-27 13:15:00;2013-09-29 06:30:00
VOLVE;MÆRSK INSPIRER;NO 15/9-F-1 B;COMPL_PERF;2013-09-29 06:30:00;2013-06-10 12:15:00
VOLVE;MÆRSK INSPIRER;NO 15/9-F-12;COMPL_TBGRN;2008-01-24 14:45:00;2008-01-29 01:00:00
VOLVE;MÆRSK INSPIRER;NO 15/9-F-15 C;PREPARE SIDETRACK;2013-09-11 22:00:00;2013-10-11 14:00:00
VOLVE;MÆRSK INSPIRER;NO 15/9-F-15 C;WO_PREP;2013-06-10 12:00:00;2013-12-10 11:15:00
VOLVE;MÆRSK INSPIRER;NO 15/9-F-15 C;WO_PULLTBG;2013-12-10 11:15:00;2013-10-17 12:45:00
VOLVE;MÆRSK INSPIRER;NO 15/9-F-15 C;PERM P&A;2013-10-17 12:45:00;2013-09-11 22:00:00
VOLVE;MÆRSK INSPIRER;NO 15/9-F-11;TECHNICAL SIDETRACK;2013-03-20 09:30:00;2013-03-23 05:30:00
VOLVE;MÆRSK INSPIRER;NO 15/9-F-11 B;COMPL_OTHER;2013-06-21 21:00:00;2013-06-28 01:00:00
VOLVE;MÆRSK INSPIRER;NO 15/9-F-11 B;TIEBACK;2013-06-28 01:00:00;2013-06-30 07:15:00
VOLVE;MÆRSK INSPIRER;NO 15/9-F-11 B;COMPL_OTHER;2013-06-30 07:15:00;2013-06-30 14:15:00
VOLVE;MÆRSK INSPIRER;NO 15/9-F-1 A;"8 1/2""";2013-08-23 05:00:00;2013-08-26 22:15:00
VOLVE;MÆRSK INSPIRER;NO 15/9-F-1 A;PREP_LOC_STRACK;2013-08-26 22:15:00;2013-08-29 15:30:00
VOLVE;TREASURE PROSPECT;NO 15/9-19 S;PRESPUD;1992-09-15 01:00:00;1992-09-18 01:00:00
VOLVE;MÆRSK INSPIRER;NO 15/9-F-99;MT.RIG;2013-02-09 17:00:00;2014-01-25 11:00:00
VOLVE;MÆRSK INSPIRER;NO 15/9-F-99;WAIT ON OTHER OPS;2013-05-17 14:00:00;2013-05-19 21:00:00
VOLVE;BYFORD DOLPHIN;NO 15/9-19 B;"8 1/2""";1997-09-11 22:00:00;1997-05-12 15:00:00
VOLVE;BYFORD DOLPHIN;NO 15/9-19 A;"8 1/2""";1997-07-25 00:30:00;1997-08-30 02:00:00
VOLVE;MÆRSK INSPIRER;NO 15/9-F-10;PRESPUD;2009-06-04 06:00:00;2009-06-04 12:00:00
VOLVE;MÆRSK INSPIRER;NO 15/9-F-4;"36""";2007-12-10 06:00:00;2007-10-13 05:00:00
VOLVE;MÆRSK INSPIRER;NO 15/9-F-9;"17 1/2""";2008-08-26 12:00:00;2008-08-30 07:30:00
VOLVE;MÆRSK INSPIRER;NO 15/9-F-15 C;TIEBACK;2009-07-02 02:45:00;2009-09-02 17:00:00
VOLVE;MÆRSK INSPIRER;NO 15/9-F-5;COMPL_PERF;2008-08-23 22:15:00;2008-08-26 12:00:00
VOLVE;MÆRSK INSPIRER;NO 15/9-F-5;"12 1/4""";2008-07-15 18:30:00;2008-07-25 21:15:00
VOLVE;MÆRSK INSPIRER;NO 15/9-F-4;COMPL_OTHER;2008-03-17 16:15:00;2008-03-19 21:00:00
VOLVE;MÆRSK INSPIRER;NO 15/9-F-14;COMPL_OTHER;2008-05-29 22:00:00;2008-05-06 09:30:00
VOLVE;MÆRSK INSPIRER;NO 15/9-F-9;PREPARE SIDETRACK;2009-06-28 22:30:00;2009-03-07 04:45:00
VOLVE;MÆRSK INSPIRER;NO 15/9-F-15 D;"12 1/4""";2013-11-22 01:00:00;2013-11-28 17:00:00
VOLVE;MÆRSK INSPIRER;NO 15/9-F-15 D;"17 1/2""";2013-10-11 14:00:00;2013-11-22 01:00:00
VOLVE;MÆRSK INSPIRER;NO 15/9-F-15 D;"8 1/2""";2013-11-28 17:00:00;2013-02-12 15:00:00
VOLVE;MÆRSK INSPIRER;NO 15/9-F-15 D;COMPL_LINER;2013-02-12 15:00:00;2013-08-12 02:00:00
VOLVE;MÆRSK INSPIRER;NO 15/9-F-15 D;COMPL_WPREP;2013-08-12 02:00:00;2013-09-12 08:00:00
VOLVE;MÆRSK INSPIRER;NO 15/9-F-15 D;COMPL_OTHER;2013-09-12 08:00:00;2013-12-14 00:15:00
VOLVE;MÆRSK INSPIRER;NO 15/9-F-15 D;TIEBACK;2013-12-14 00:15:00;2013-12-15 23:00:00
VOLVE;MÆRSK INSPIRER;NO 15/9-F-15 D;COMPL_OTHER;2013-12-15 23:00:00;2013-12-30 04:45:00
VOLVE;MÆRSK INSPIRER;NO 15/9-F-15 D;COMPL_TBGRN;2013-12-30 04:45:00;2014-03-01 07:00:00
VOLVE;MÆRSK INSPIRER;NO 15/9-F-15 D;COMPL_THINS;2014-03-01 07:00:00;2014-04-01 18:45:00
VOLVE;MÆRSK INSPIRER;NO 15/9-F-15 D;COMPL_XTINS;2014-04-01 18:45:00;2014-06-01 22:00:00
VOLVE;MÆRSK INSPIRER;NO 15/9-F-15 D;COMPL_PERF;2014-06-01 22:00:00;2014-01-15 14:00:00
VOLVE;MÆRSK INSPIRER;NO 15/9-F-15 D;COMPL_OTHER;2014-01-15 14:00:00;2014-01-15 15:00:00
VOLVE;MÆRSK INSPIRER;NO 15/9-F-99;DEMOBILIZE;2014-04-21 01:30:00;2014-04-30 18:00:00
VOLVE;MÆRSK INSPIRER;NO 15/9-F-1 B;WO_PREP;2014-01-25 11:00:00;2014-01-31 07:45:00
VOLVE;MÆRSK INSPIRER;NO 15/9-F-1 B;WO_PULLTBG;2014-01-31 07:45:00;2014-03-02 20:30:00
VOLVE;MÆRSK INSPIRER;NO 15/9-F-1 B;PERM P&A;2014-03-02 20:30:00;2014-02-19 21:00:00
VOLVE;MÆRSK INSPIRER;NO 15/9-F-1 B;PREPARE SIDETRACK;2014-02-19 21:00:00;2014-02-21 14:30:00
VOLVE;BYFORD DOLPHIN;NO 15/9-19 ST2;RE-ENT.;1997-07-20 21:00:00;1997-07-23 03:00:00
VOLVE;MÆRSK INSPIRER;NO 15/9-F-12;COMPL_OTHER;2007-09-09 04:30:00;2007-09-14 20:45:00
VOLVE;MÆRSK INSPIRER;NO 15/9-F-1 C;"17 1/2""";2014-02-21 14:30:00;2014-03-03 18:15:00
VOLVE;MÆRSK INSPIRER;NO 15/9-F-1 C;"12 1/4""";2014-03-03 18:15:00;2014-11-03 04:30:00
VOLVE;MÆRSK INSPIRER;NO 15/9-F-1 C;"8 1/2""";2014-11-03 04:30:00;2014-03-15 16:30:00
VOLVE;MÆRSK INSPIRER;NO 15/9-F-1 C;COMPL_LINER;2014-03-15 16:30:00;2014-03-18 16:15:00
VOLVE;MÆRSK INSPIRER;NO 15/9-F-1 C;COMPL_WPREP;2014-03-22 01:00:00;2014-03-22 11:15:00
VOLVE;MÆRSK INSPIRER;NO 15/9-F-1 C;COMPL_OTHER;2014-03-22 11:15:00;2014-03-29 11:30:00
VOLVE;MÆRSK INSPIRER;NO 15/9-F-1 C;TIEBACK;2014-03-29 11:30:00;2014-03-04 03:30:00
VOLVE;MÆRSK INSPIRER;NO 15/9-F-1 C;COMPL_OTHER;2014-03-18 16:15:00;2014-03-22 01:00:00
VOLVE;MÆRSK INSPIRER;NO 15/9-F-1 C;COMPL_TBGRN;2014-03-04 03:30:00;2014-05-04 12:15:00
VOLVE;MÆRSK INSPIRER;NO 15/9-F-1 C;COMPL_THINS;2014-05-04 12:15:00;2014-07-04 05:30:00
VOLVE;MÆRSK INSPIRER;NO 15/9-F-1 C;COMPL_XTINS;2014-07-04 05:30:00;2014-08-04 18:30:00
VOLVE;MÆRSK INSPIRER;NO 15/9-F-1 C;COMPL_PERF;2014-08-04 18:30:00;2014-04-20 08:30:00
VOLVE;MÆRSK INSPIRER;NO 15/9-F-1 C;COMPL_OTHER;2014-04-20 08:30:00;2014-04-21 01:30:00
VOLVE;MÆRSK INSPIRER;NO 15/9-F-1 B;INTERVENTION;2013-12-20 03:30:00;2013-12-26 08:30:00
VOLVE;MÆRSK INSPIRER;NO 15/9-F-1 B;"12 1/4""";2013-08-29 15:30:00;2013-05-09 11:45:00
VOLVE;MÆRSK INSPIRER;NO 15/9-F-9;COMPL_SCRUN;2008-08-31 20:00:00;2008-04-09 07:00:00
VOLVE;MÆRSK INSPIRER;NO 15/9-F-12;INTERVENTION;2014-11-22 16:00:00;2014-11-27 09:00:00
VOLVE;MÆRSK INSPIRER;NO 15/9-F-7;PRESPUD;2007-09-14 21:00:00;2007-09-16 05:00:00
VOLVE;MÆRSK INSPIRER;NO 15/9-F-12;"12 1/4""";2007-11-08 15:00:00;2007-08-22 14:15:00
VOLVE;MÆRSK INSPIRER;NO 15/9-F-7;"12 1/4""";2007-02-10 15:30:00;2007-04-10 04:30:00
VOLVE;MÆRSK INSPIRER;NO 15/9-F-14;COMPL_PERF;2008-03-07 02:45:00;2008-10-07 18:00:00
VOLVE;MÆRSK INSPIRER;NO 15/9-F-11 B;INTERVENTION;2015-10-24 21:45:00;2015-02-11 21:00:00
VOLVE;TREASURE PROSPECT;NO 15/9-19 ST2;"8 1/2""";1993-02-25 17:00:00;1993-03-15 10:30:00
VOLVE;MÆRSK INSPIRER;NO 15/9-F-12;COMPL_OTHER;2007-08-09 11:30:00;2007-09-09 04:30:00
VOLVE;MÆRSK INSPIRER;NO 15/9-F-15 D;INTERVENTION;2015-05-08 11:00:00;2015-08-16 07:00:00
VOLVE;MÆRSK INSPIRER;NO 15/9-F-1 C;INTERVENTION;2014-11-27 09:00:00;2014-06-12 18:00:00
VOLVE;MÆRSK INSPIRER;NO 15/9-F-7;MOVE;2016-07-28 09:00:00;2016-07-28 10:45:00
VOLVE;MÆRSK INSPIRER;NO 15/9-F-99;MOBILIZ;2016-02-06 00:00:00;2016-01-10 15:00:00
VOLVE;TREASURE PROSPECT;NO 15/9-19 S;"9 7/8""";1992-09-18 01:00:00;1992-09-19 06:00:00
VOLVE;TREASURE PROSPECT;NO 15/9-19 S;"36""";1992-09-19 06:00:00;1992-09-21 19:00:00
VOLVE;TREASURE PROSPECT;NO 15/9-19 S;"26""";1992-11-18 07:00:00;1992-11-22 15:00:00
VOLVE;TREASURE PROSPECT;NO 15/9-19 S;PREP_TECH_STRACK;1992-12-12 19:30:00;1992-12-18 12:00:00
VOLVE;TREASURE PROSPECT;NO 15/9-19 ST2;"12 1/4""";1992-12-18 12:00:00;1993-01-28 07:30:00
VOLVE;TREASURE PROSPECT;NO 15/9-19 ST2;COMPL_LINER;1993-03-15 10:30:00;1993-03-26 00:00:00
VOLVE;MÆRSK INSPIRER;NO 15/9-F-11 B;INTERVENTION;2016-04-20 06:45:00;2016-04-24 17:00:00
VOLVE;MÆRSK INSPIRER;NO 15/9-F-14;PERM P&A;2016-07-30 04:15:00;2016-10-19 11:00:00
VOLVE;MÆRSK INSPIRER;NO 15/9-F-1 C;PERM P&A;2016-06-15 00:45:00;2016-10-22 00:00:00
VOLVE;MÆRSK INSPIRER;NO 15/9-F-15 D;PERM P&A;2016-08-07 11:45:00;2016-10-18 11:45:00
VOLVE;MÆRSK INSPIRER;NO 15/9-F-5;PERM P&A;2016-08-28 17:45:00;2016-10-16 15:45:00
VOLVE;MÆRSK INSPIRER;NO 15/9-F-7;PERM P&A;2016-07-28 10:45:00;2016-10-23 01:45:00
VOLVE;MÆRSK INSPIRER;NO 15/9-F-12;PERM P&A;2016-08-14 18:30:00;2016-10-20 08:15:00
VOLVE;MÆRSK INSPIRER;NO 15/9-F-11 B;PERM P&A;2016-09-18 05:45:00;2016-10-21 03:30:00
VOLVE;MÆRSK INSPIRER;NO 15/9-F-9 A;PERM P&A;2016-09-29 01:15:00;2016-10-24 00:00:00
VOLVE;MÆRSK INSPIRER;NO 15/9-F-4;PERM P&A;2016-01-10 15:00:00;2016-10-13 02:30:00
VOLVE;MÆRSK INSPIRER;NO 15/9-F-9 A;PERM P&A;2016-09-28 16:15:00;2016-09-29 01:15:00
VOLVE;TRANSOCEAN PROSPECT;NO 15/9-19 S;TECHNICAL SIDETRACK;1992-12-12 19:30:00;1992-12-18 12:00:00
VOLVE;TRANSOCEAN PROSPECT;NO 15/9-19 ST2;TECHNICAL SIDETRACK;1992-12-18 12:00:00;1993-08-01 06:00:00
VOLVE;MÆRSK INSPIRER;NO 15/9-F-99;DEMOBILIZE;2016-10-24 00:00:00;2016-10-25 06:00:00
VOLVE;MÆRSK INSPIRER;NO 15/9-F-99;DEMOBILIZE;2016-09-10 09:00:00;2016-10-10 10:45:00
